model,mean_f1
dt,0.7713715251503559
lr,0.8731408451827685
rf,0.8770936525750367
svm,0.8731166660226777
xgb,0.8770682856827138
