{
  "accuracy": 0.8978283470024258,
  "precision": 0.8972199336004008,
  "recall": 0.8624463495527678,
  "f1_macro": 0.8768101984316354
}