{
  "accuracy": 0.8970681778754409,
  "precision": 0.8983848970276329,
  "recall": 0.8615744815312354,
  "f1_macro": 0.8765203078728243
}