{
  "accuracy": 0.900555469834902,
  "precision": 0.9008739814019961,
  "recall": 0.8658615713728205,
  "f1_macro": 0.8803189529418183
}