{
  "accuracy": 0.8981233243967829,
  "precision": 0.8988731884686887,
  "recall": 0.862564657142419,
  "f1_macro": 0.877407294140963
}