{
  "accuracy": 0.8974220542583344,
  "precision": 0.8972959349654634,
  "recall": 0.861895673743775,
  "f1_macro": 0.8764468062493023
}