{
  "accuracy": 0.9000540040117266,
  "precision": 0.9004553106563475,
  "recall": 0.8650878882827275,
  "f1_macro": 0.879660276237413
}