{
  "accuracy": 0.8977375740158543,
  "precision": 0.8981688317360799,
  "recall": 0.862313900609536,
  "f1_macro": 0.8769994014130149
}