{
  "accuracy": 0.8976935813022217,
  "precision": 0.8971110044468924,
  "recall": 0.8622333764482284,
  "f1_macro": 0.8766311464929071
}