{
  "accuracy": 0.8966248385666648,
  "precision": 0.8979956673110889,
  "recall": 0.8609150200249597,
  "f1_macro": 0.8759439791795899
}