{
  "accuracy": 0.897711277789561,
  "precision": 0.8978678182801241,
  "recall": 0.8620425358242871,
  "f1_macro": 0.8767408855675247
}