{
  "accuracy": 0.8971396609254152,
  "precision": 0.8967319258691349,
  "recall": 0.8622461850854453,
  "f1_macro": 0.8764611348265104
}