{
  "accuracy": 0.8722981701791258,
  "precision": 0.8631638588411947,
  "recall": 0.8355301869706815,
  "f1_macro": 0.8471234441803456
}