{
  "accuracy": 0.685595327589198,
  "precision": 0.6635720813812094,
  "recall": 0.6839782635036664,
  "f1_macro": 0.6646755029005452
}