{
  "accuracy": 0.8910323052635633,
  "precision": 0.8846816784228613,
  "recall": 0.8586523631984284,
  "f1_macro": 0.86984223371893
}