{
  "accuracy": 0.8395309365838605,
  "precision": 0.8615139629231937,
  "recall": 0.7642057950250054,
  "f1_macro": 0.7900837784272093
}