{
  "accuracy": 0.8014378505483492,
  "precision": 0.77189436194232,
  "recall": 0.7726011502430512,
  "f1_macro": 0.7722450847537257
}