{
  "accuracy": 0.7997066429922415,
  "precision": 0.7699278156545077,
  "recall": 0.7703912001009239,
  "f1_macro": 0.770158349253328
}