{
  "accuracy": 0.7991600362186217,
  "precision": 0.7684083012723504,
  "recall": 0.7710765613443091,
  "f1_macro": 0.7697037394141721
}