{
  "accuracy": 0.8007209360602965,
  "precision": 0.7701672774911816,
  "recall": 0.7721528504606703,
  "f1_macro": 0.7711390207434363
}