{
  "accuracy": 0.8033064857990674,
  "precision": 0.7731414035177259,
  "recall": 0.77409081881308,
  "f1_macro": 0.7736114315871172
}