{
  "accuracy": 0.8867036071749271,
  "precision": 0.9409124137615936,
  "recall": 0.6335364125814679,
  "f1_macro": 0.6793802909914877
}