{
  "accuracy": 0.8947895984733119,
  "precision": 0.8916319619911834,
  "recall": 0.8613863719479307,
  "f1_macro": 0.8741116275001377
}