{
  "accuracy": 0.8928281931524299,
  "precision": 0.890354717772778,
  "recall": 0.8589856743585729,
  "f1_macro": 0.8720476661620427
}