{
  "accuracy": 0.8944265705974146,
  "precision": 0.8922366677342314,
  "recall": 0.8599916461773203,
  "f1_macro": 0.8734120096301203
}