{
  "accuracy": 0.8938494739681684,
  "precision": 0.8909073950809201,
  "recall": 0.859783467995942,
  "f1_macro": 0.8728117490599119
}