{
  "accuracy": 0.8454083532271841,
  "precision": 0.4227088055893207,
  "recall": 0.49999352348384757,
  "f1_macro": 0.4581145152772091
}