{
  "accuracy": 0.9997674634917683,
  "precision": 0.5,
  "recall": 0.49988373174588413,
  "f1_macro": 0.49994185911300265
}