{
  "accuracy": 0.30672857787040086,
  "precision": 0.15336428893520043,
  "recall": 0.5,
  "f1_macro": 0.23473013682021246
}