{
  "accuracy": 0.896883372202841,
  "precision": 0.8977337338381992,
  "recall": 0.8615091103702661,
  "f1_macro": 0.8762697334124829
}