{
  "accuracy": 0.897990637100969,
  "precision": 0.8985783004225083,
  "recall": 0.8623791588787989,
  "f1_macro": 0.8771906309691855
}