{
  "accuracy": 0.9997590836417792,
  "precision": 0.9992219550148536,
  "recall": 0.9998575166446465,
  "f1_macro": 0.9995394227648711
}