{
  "accuracy": 0.899435202498217,
  "precision": 0.8998465746030335,
  "recall": 0.86448504074496,
  "f1_macro": 0.8790351213831104
}