{
  "accuracy": 0.8969583510248196,
  "precision": 0.8977423821765933,
  "recall": 0.8616727480449684,
  "f1_macro": 0.8763826827090146
}