{
  "accuracy": 0.8974912328028055,
  "precision": 0.897637496651251,
  "recall": 0.8619511600837408,
  "f1_macro": 0.8765900944013902
}