{
  "accuracy": 0.8944458358217582,
  "precision": 0.8922026109169143,
  "recall": 0.8600703657464664,
  "f1_macro": 0.8734517816416325
}