{
  "accuracy": 0.8927509939398618,
  "precision": 0.890193343333177,
  "recall": 0.858960776380093,
  "f1_macro": 0.871974515781136
}