{
  "accuracy": 0.8939265482292188,
  "precision": 0.8910202799605061,
  "recall": 0.8598561482213044,
  "f1_macro": 0.8728993245314347
}