{
  "accuracy": 0.8946353875513233,
  "precision": 0.8914070462459396,
  "recall": 0.8612409624747823,
  "f1_macro": 0.8739365345975549
}