{
  "accuracy": 0.8940115259333501,
  "precision": 0.8923190831125517,
  "recall": 0.8598744503942901,
  "f1_macro": 0.8733211735616296
}