{
  "accuracy": 0.8992424388457313,
  "precision": 0.8995491714933049,
  "recall": 0.8643113659166575,
  "f1_macro": 0.8788170994264628
}