{
  "accuracy": 0.8975490384985934,
  "precision": 0.8976483006384031,
  "recall": 0.8620744549988646,
  "f1_macro": 0.8766761662643963
}