{
  "accuracy": 0.8969219204749147,
  "precision": 0.8977109848991256,
  "recall": 0.8616170658690249,
  "f1_macro": 0.8763346621520623
}