{
  "accuracy": 0.8980099023253125,
  "precision": 0.898539730121,
  "recall": 0.8624578784479451,
  "f1_macro": 0.8772302276765125
}