{
  "accuracy": 0.8968618520091095,
  "precision": 0.8975580603973596,
  "recall": 0.8616177132453205,
  "f1_macro": 0.8762832728941348
}